courseId,set,text,optionA,optionB,optionC,optionD,correct,explanation
aigf,1,What is the critical temperature (deg C) of vinyl chloride?,-6524.0,-6592.0,-6214.0,158.4,D,
aigf,1,What is the critical temperature (deg C) of ethylene oxide?,-5947.0,-5486.0,195.7,-6249.0,C,
aigf,1,What is the critical temperature (deg C) of propylene oxide?,-8529.0,-6219.0,209.1,-6593.0,C,
aigf,1,What is the critical temperature (deg C) of ammonia?,-6597.0,132.4,-5649.0,-5627.0,B,
aigf,1,What is the critical temperature (deg C) of Chlorine?,144.0,-9657.0,-2546.0,-5698.0,A,
aigf,1,"What is the critical pressure (bars, absolute) of Methane?",-5947.0,44.7,-2345.0,-6249.0,B,
aigf,1,"What is the critical pressure (bars, absolute) of Ethane?",-8529.0,-5486.0,48.9,-7648.0,C,
aigf,1,Which gas is considered as Fuel [in the context of this code] in liquid and compressed form,Natural gas,propane,i-Butane,All the above,D,
aigf,1,"In IGF Code, Which is called Fuel containment system",Cargo tank,the arrangement for the storage of fuel including and connections,Any tank,the transfer of liquid from land based,B,
aigf,1,"In IGF Code, IEC means",International Electrochemical Commission,International Electrotechnical Commission,Indian Electrotechnical Commission,Indian Electrochemical Commission,A,
aigf,1,"In IGF Code, Independent tanks means","self-supporting, do not form part of the ship's hull",are not essential to the hull strength,both (a) and (b),none of the above,C,
aigf,1,____________is capable of being ignited.,Flammable,Inflammable,Absolute temperature,Absolute zero,A,
aigf,1,_________ is the range of gas concentrations in air between which the mixture is flammable.,Inflammable range,Flammable range,Temperature range,Pressure range,B,
aigf,1,Flammable range is the range of concentrations between,lower flammable limit,upper flammablle limit,both (a) and (b),none of the above,C,
aigf,1,Flash point is the ________ temperature at which a liquid gives off sufficient vapour to form a flammable mixture with air near the surface of the liquid.,lowest,highest,medium,zero,A,
aigf,1,Gas code are ______________carrying liquefied gases in bulk,codes of construction,equipment of ships,both (a) and (b),none of the above,C,
aigf,1,Gas codes are published by ____________,Indian Maritime Organisation,International Maritime Oraganisation,Indian Marine Organisation,International Marine Oraganisation,B,
aigf,1,___________ is within ship's cargo area which is designated as likely to contain flammable vapour,Gas dangerous space,Gas dangerous zone,both (a) and (b),none of the above,C,
aigf,1,What does gas free certificate certified for?,21 percent carbon dioxide by volume,21 percent hydrogen by volume,21 percent nitrogen by volume,21 percent oxygen by volume,D,
aigf,1,When is gas free certificate issued?,a tank hs been suitably inerted,considered safe for surrounding hot work,both (a) and (b),none of the above,C,
aigf,1,What is Gas freeing?,removal of toxic gas from a tank,removal of flammable gas from a tank,removal of inert gas from a tank,All of the above,D,
aigf,1,What is latent heat of vaporization?,Quality of heat to change the state of a substance from liquid to vapour without change of temperature,sufficiently free from chemical,sufficiently free from hydrocarbon gases,permitting the outward passage of gas,A,
aigf,1,"In latent heat of vaporization, Quality of heat to change the state of a substance from ____________ without change of temperature",solid to vapour,liquid to vapour,liquid to molecules,solid to liquid,B,
aigf,1,What is Liquefied gas?,Quality of heat to change the state of a substance from liquid to vapour without change of temperature,A liquid which has a saturated vapour pressure exceeding 2.8 bar absolute at 37.80C and certain other substances specified in the Gas Codes,sufficiently free from hydrocarbon gases,permitting the outward passage of gas,B,
aigf,1,"In Liquefied gas, a liquid which has a saturated vapour pressure exceeding ______ absolute at 37.80C and certain other substances specified in the Gas Codes.",308 bar,2.8 bar,18 bar,48 bar,B,
aigf,1,"In Liquefied gas, a liquid which has a saturated vapour pressure exceeding 2.8 bar absolute at __________ and certain other substances specified in the Gas Codes.",0,100,37.80C,none of the above,C,
aigf,1,"In Liquefied gas, a liquid which has a saturated vapour pressure __________ 2.8 bar absolute at 37.80C and certain other substances specified in the Gas Codes.",decreasing,exceeding,maintaining,none of the above,B,
aigf,1,What is the major constituent of Liquefied Natural Gas?,methane,Styrene,Acrylonitrile,Polybutadiene,A,
aigf,1,What is lower flamable limit?,The concentration of a carbon gas in air below which there is insufficient hydrocarbon to support combustion.,The concentration of a hydrogen gas in air below which there is insufficient hydrocarbon to support combustion.,The concentration of a hydrocarbon gas in air below which there is insufficient hydrocarbon to support combustion.,The concentration of a nitrocarbon gas in air below which there is insufficient hydrocarbon to support combustion.,C,
aigf,1,What is concentration of a hydrocarbon gas in air below which there is insufficient hydrocarbon to support combustion?,Flammable range,Lower flamable limit,Flash point,Gas freeing,B,
aigf,2,"In Liquefied Petroleum Gas, propane and butane can be shipped",seperately,as a mixture,both (a) and (b),none of the above,C,
aigf,2,"In Liquefied Petroleum Gas, __________ can be shipped seperately or as a mixture.",propane,butane,both (a) and (b),none of the above,C,
aigf,2,Liquefied Petroleum Gas may be,refinery by-products,may be produced in conjunction with crude oil,may be produced in conjunction with natural gas,All of the above,D,
aigf,2,MARVS means,Maximum Allowable Relief Valve Setting,Minimum Allowable Relief Valve Setting,Maximum Allowed Regional Valve Setting,Minimum Allotted Relief Valve Setting,A,
aigf,2,Maximum Allowable Relief Valve Setting on a ship's cargo tank as stated on the __________,refinery by-products,ship's Certificate of Fitness,production of conjunction with crude oil,free from chemical,B,
aigf,2,What is MLC?,Multi Liquid Column,Meters Limit Column,Meters Liquid Column,Multi Limit Column,C,
aigf,2,Meters Liquid Column is a unit of ________ used in some cargo pumping operations.,volume,pressure,mass,none of the above,B,
aigf,2,What is Mollier diagram?,graphic method of representing heat quantities of a refrigerant,graphic method of representing ship route,graphic method of representing ship design,All of the above,A,
aigf,2,"In Mollier diagram, graphic method of representing heat quantities and the conditions of liquefied gas at different ____________",pressure,temperature,density,volume,B,
aigf,2,What re the gases associated with Natural Gas Liquid?,Ethane,Propane,Butane,All of the above,D,
aigf,2,What is oxygen analyser?,Instrument used to measure propane concentrations in percentage by volume,Instrument used to measure butane concentrations in percentage by volume,Instrument used to measure oxygen concentrations in percentage by volume,Instrument used to measure ethane concentrations in percentage by volume,C,
aigf,2,In oxygen analyser which gas in measured?,Propane,Butane,Pentane,oxygen,D,
aigf,2,What is oxygen deficient atmosphere?,atmosphere containing less than 21 percent oxygen by volume,atmosphere containing less than 21 percent oxygen by pressure,atmosphere containing less than 11 percent oxygen by volume,atmosphere containing less than 11 percent oxygen by pressure,A,
aigf,2,How is peroxide formed?,chemical combination of cargo liquid with atmosphere oxygen,chemical combination of vapour with atmosphere oxygen,both (a) and (b),none of the above,C,
aigf,2,Chemical combination of cargo liquid with oxygen from other source and vapour with oxygen from other source forms __________,Formation of Ethane,Formation of Peroxide,Formation of Oxygen,Formation of oxide,B,
aigf,2,Qualities for Peroxide is,highly reactive,potential hazard,both (a) and (b),none of the above,C,
aigf,2,"In some cases, Peroxide is",unstable,potential hazard,both (a) and (b),none of the above,C,
aigf,2,How is polymer formed?,The chemical union of two or more molecules of the same compound to form a larger molecule of a new compound,The chemical union of two or more molecules of the same compound to form a smaller molecule of a new compound,The chemical reaction of one molecule of the same compound to form a smaller molecule of a new compound,The chemical reaction of one molecule of the same compound to form a larger molecule of a new compound,A,
aigf,2,What is the process for the chemical union of two or more molecules of the same compound to form a larger molecule of a new compound called?,Vaporization,Polymerisation,Static electricity,Gas freeing,B,
aigf,2,What is a Primary Barrier in liquified gas tanks?,seperating barrier between liquid and gas,chemical combination of cargo liquid with oxygen from other source,Inner surface designed to contain the cargo when the cargo containment system includes a secondary barrier,nothing special barrier,C,
aigf,2,___________ is a refrigerant gas?,A22,R22,C24,B65,B,
aigf,2,What is the full chemical name of R22?,monochloro difluoromethane,monoflouride difluoromethane,monochloride dimethane,monochloro dimethane,A,
aigf,2,What are the characteristics of R22?,colourless,odourless,non-flammable,All of the above,D,
aigf,2,R22 is virtually non-toxic with a _______,TLV of 2 ppm,"TLV of 1,000 ppm",TLV of 30 ppm,TLV of 500 ppm,B,
aigf,2,What is relative liquid density?,The mass of the gas at a given temperature compared with the mass of an equal volume of gas at the same temperature at a different given temperature,The chemical union of two or more molecules of the same compound to form a larger molecule of a new compound,The mass of a liquid at a given temperature compared with the mass of an equal volume of fresh water at the same temperature at a different given temperature,Inner surface designed to contain the cargo when the cargo containment system includes a secondary barrier,C,
aigf,2,What is relative vapour density?,"The mass of a vapour compared with the mass of an equal volume of air, both at standard condition of temperature and pressure",The chemical union of two or more molecules of the same compound to form a larger molecule of a new compound,The mass of a liquid at a given temperature compared with the mass of an equal volume of fresh water at the same temperature at a different given temperature,Inner surface designed to contain the cargo when the cargo containment system includes a secondary barrier,A,
aigf,2,What is restricted gauging?,the device is kept completely closed when the device is not in use,"A system employing a device, which penetrates the tank and which when in use permits a small quantity of cargo vapour to be expelled to the atmosphere.",both (a) and (b),none of the above,C,
aigf,2,"In restricted gauging, when the device is not in use",the device is kept completely closed,the device is kept open,the device is kept operated,none of the above,A,
aigf,2,What is roll over?,The mass of the gas at a given temperature compared with the mass of an equal volume of gas at the same temperature at a different given temperature,"The phenomenon where the stabilty of two stratified layers of liquid of differing relative density distributed resulting in a spomtaneous rapid mixing of the layers accompanied in the case of liquefied gases, by violent vapour evolution",The pressure at which a vapour is in equilibrium with its liquid at a specific temperature,Heat energy given to or taken from a substance which raises or lowers its temperature,B,
aigf,2,What is Saturated Vapour Pressure?,The mass of the gas at a given temperature compared with the mass of an equal volume of gas at the same temperature at a different given temperature,"The phenomenon where the stabilty of two stratified layers of liquid of differing relative density distributed resulting in a spomtaneous rapid mixing of the layers accompanied in the case of liquefied gases, by violent vapour evolution",The pressure at which a vapour is in equilibrium with its liquid at a specific temperature,Heat energy given to or taken from a substance which raises or lowers its temperature,C,
aigf,3,What is sensible heat?,The liquid resisting outer element of a cargo containment system designed to provide temporary containment of a leakage of liquid cargothrough the primary barrier,"The phenomenon where the stabilty of two stratified layers of liquid of differing relative density distributed resulting in a spomtaneous rapid mixing of the layers accompanied in the case of liquefied gases, by violent vapour evolution",The pressure at which a vapour is in equilibrium with its liquid at a specific temperature,Heat energy given to or taken from a substance which raises or lowers its temperature,D,
aigf,3,What is specific gravity?,The ratio of the density of a solid at a given temperature to the density ofsolid at a standard temperature,The ratio of the density of a liquid at a given temperature to the density of fresh water at a standard temperature,The ratio of the density of a gas at a given temperature to the density of gas at a standard temperature,The ratio of the density of a molecule at a given temperature to the density of molecule at a standard temperature,B,
aigf,3,What is specific heat?,The quantity of energy in kilojoules required to change the temperature of 1 kg mass of the substance by 1 degC.,The ignition of material brought by a heat producing chemical reaction within the material itself without exposure to an external source ignition,The electrical charge produced on disimilar materials caused by relative motion between each when in contact,none of the above,A,
aigf,3,What is spontaneous combustion?,The quantity of energy in kilojoules required to change the temperature of 1 kg mass of the substance by 1 degC.,The electrical charge produced on disimilar materials caused by relative motion between each when in contact,The ignition of material brought by a heat producing chemical reaction within the material itself without exposure to an external source ignition,none of the above,C,
aigf,3,What is Static electricity ?,alternating current,The electrical charge produced on disimilar materials caused by relative motion between each when in contact,The quantity of energy in kilojoules required to change the temperature of 1 kg mass of the substance by 1 degC.,none of the above,B,
aigf,3,What is superheated vapour?,Vapour removed from contact with its liquid and heated beyond its boiling temperature,A phenomenon generated in a pipeline system where there is a change in the heat of liquid in the line,detecting heat of gases or vapours,The density of a gas or vapour inder specified conditions of temperature and pressure,A,
aigf,3,What is surge pressure?,A pressure measuring instrument used for detecting gases or vapours,The density of a gas or vapour inder specified conditions of temperature and pressure,A phenomenon generated in a pipeline system where there is a change in the rate of flow of liquid in the line,Vapour pressureremoved from contact with its liquid and heated beyond its boiling temperature,C,
aigf,3,"LNG as fuel, Sulphur Oxide (SOx) and particulates emissions are ---------- compared to diesel or heavy fuel oil powered vessels.",more,negligible.,great,both a and c,B,
aigf,3,"LNG reduces CO2 emissions by --------in general, compared to diesel or heavy fuel oil powered vessels.",5 to 10 percent,10 to 15 percent,25 to 30 percent,negligible,C,
aigf,3,Engine efficiency can be increased by utilising existing turbo charger with the __________,latest man disel turbo charger,Not rematching existing turbo charger,Not modifying turbo chargers to meet tyre 2 and 3 emission standards,All the above,D,
aigf,3,Basic thing for a hybrid turbo charger is,an altenator is attached to a blower end,Does not runs at very high speed,Doesn't requires cooling system,All the above,A,
aigf,3,NOX and SOX emission can be controlled by using which type of fuel,Heavy fuel oil,marine diesel oil,LNG,petrol,C,
aigf,3,low specific fuel oil consumption at all loads can be achieved by,derating a propulsion engines,high rating propulsion engines,low rating propulsion engines,medium rating propulsion engines,A,
aigf,3,________ causes the changes in engine power on speed distinguishing rating for Slow steaming market,derating,rerating,increase the rating,flow rating,A,
aigf,3,What is mean by hybrid turbo charging?,it also generates electricity,it also generates hydrogen,it also generates water,None of the above,A,
aigf,3,A ____________ is attached with a hybrid turbo charger,motor,pump,alternator,None of the above,C,
aigf,3,What is the RPM of a turbo charger?,5000,6000,7000,9000,D,
aigf,3,___________ is required for the alternator fitted with HYBRID turbo charger,heating system,cooling system,circulating system,None of the above,B,
aigf,3,In addition to fuel savings WHRS gives,large CO2 reduction,large NOX reduction,large sox reduction,All of the above,D,
aigf,3,Waste heat recovery system pay back time is _________,long,short,medium,None of the above,B,
aigf,3,_________ on the hull is done to increase the vessel hydrodynamic performance,removal of fouling on the hull,removal of paints on the hull,addition of oil on the hull,addition of water on the hull,A,
aigf,3,Derating is an engine for reduction of the vessels maximum speed to increase the efficiency by limiting the __________,potential power output,total output,kinetic power output,None of the above,A,
aigf,3,Derating is an engine for ________ of the vessels maximum speed to increase the efficiency by limiting the potential power output,addition,production,reduction,increase,C,
aigf,3,Derating is an engine for reduction of the vessels _______ speed to increase the efficiency by limiting the potential power output,maximum,minimum,normal,None of the above,A,
aigf,3,What is meant by engine performance optimization?,manual increase of engine efficiency,automatic increase of engine efficiency,non automatic increase of engine efficiency,mechanical increase of engine efficiency,B,
aigf,3,______ requires thermal energy from the exhaust gas and convert it into electrical energy,recirculation recovery system,waste heat recovery system,manual heat recovery system,None of the above,B,
aigf,3,Waste heat recovery system requires _______ energy from the exhaust gas and convert it into electrical energy,thermal,dynamic,kinetic,potential,A,
aigf,3,Waste heat recovery system requires thermal energy from the _______ gas and convert it into electrical energy,inert,energise,exhaust,None of the above,C,
aigf,3,Turbo charger refitting increases efficieny and reduce emissions of _______ engine,left,main,right,side,B,
aigf,3,Turbo charger refitting _______ efficieny and reduce emissions of main engine,decrease,increases,equalize,balance,B,
aigf,4,Upgrading Turbo charger to ________ will increase efficiency,A to A technology,Vat tehnology,VTA technology,ATV technology,C,
aigf,4,Upgrading _______ to VTA technology will increase efficiency,Turbo charger,exhaust boiler,propulsion shaft,None of the above,A,
aigf,4,Upgrading Turbo charger to VTA technology will _______ efficiency,decrease,increase,equalize,balance,B,
aigf,4,Engine efficiency can be increased by utilising existing turbo charger with the __________,latest man disel turbo charger,rematching existing turbo charger,modifying turbo chargers to meet tyre 2 and 3 emission standards,All the above,D,
aigf,4,_______ efficiency can be increased by utilising existing turbo charger with the latest man disel turbo charger,Motor,Engine,propeller,All the above,B,
aigf,4,Engine efficiency can be increased by utilising existing _______ with the latest man disel turbo charger,Turbo charger,exhaust boiler,propulsion shaft,None of the above,A,
aigf,4,What is mean by jet assist systems?,giving compressed air from an external source to aid compresser will acceleration in turbo chargers,to give compressed air service to auxiliary engines,to give compressed air supply for cleaning sewage treatment plant,None of the above,A,
aigf,4,LNG engines reduces CO2 emission by how much ?,25-30%,35-40%,45-50%,15-20%,A,
aigf,4,LNG has fuel reduces Nox emission by about,100%,90%,91%,92%,B,
aigf,4,LNG has fuel reduces sox emission by about,90%,almost negligible,91%,92%,B,
aigf,4,Advantages of VTA turbo charger,to eliminates the need for auxiliary blower,reduces the fuel consumption,reduces exhaust smoke emission and hence air pollution,All the above,D,
aigf,4,Turbo charger works efficiently in _________,entire load of the engine,start of the engine,partial load of the engine,None of the above,A,
aigf,4,The low pressure XDF tecnhnology concept is based on the __________,lean burn principle,exhaust gas principle,sewage plant principle,None of the above,A,
aigf,4,XDF engine provide which benefit,low pressure gas supply,pilot fuel quantity below 1%,DF engine can be operated on gas from ideal,All the above,D,
aigf,4,_______ engine provide pilot fuel quantity below 1%,XDF,YDF,GDF,XTF,A,
aigf,4,Particulate matters emissions reduced to almost zero in which technology,high pressure YDF,low pressure XDF,low pressure YDF,high pressure XDF,B,
aigf,4,Low tire 3 nox emission limit can be achieved by which technology,high pressure YDF,low pressure XDF,low pressure YDF,high pressure XDF,B,
aigf,4,Which technology fuel and air are premixed and burned at a relatively high air to fuel ratio,high pressure YDF,low pressure XDF,low pressure YDF,high pressure XDF,B,
aigf,4,Which type of engine does not need exhaust gas treatment system,XDF engines,YDF engines,ZDF engines,GDF engines,A,
aigf,4,What are the advantages of Mr. diesel process man engine,diesel process maintain,load response unchanged,low preignition or no knocking,All the above,D,
aigf,4,Mr otto process LNG engine has got following advantage,reduction in nox emissions,low pressure gas injection,gas mixture is important,All the above,D,
aigf,4,Derating of the propulsion engine can be achieved by,modifying fuel valves,simming between crosscuts and piston rods,rematching the turbo chargers,All the above,D,
aigf,4,Disadvantage of rerating a engine is,this may require additional denox measures,this may require additional sox measures,increased specific fuel oil consumption,None of the above,A,
aigf,4,Disadvantage of hybrid turbo charger is,heat generated is less,heat generated is more,doesn’t require lubrication,doesn’t require cooling,B,
aigf,4,Basic thing for a hybrid turbo charger is,an altenator is attached to a blower end,runs at very high speed,requires cooling system,All the above,D,
aigf,4,Advantage of hybrid turbo charger is,it recovers cold energy,it recovers hot energy,it is doing nothing,it decreses the power of the main engine,B,
aigf,4,Hybrid turbo charger is useful in __________,cutting down emission from the ship,cutting down garbage from the ship,cutting down sewage from the ship,None of the above,A,
aigf,4,"In Requirements for internal combustion engines of Piston type, gas can leak ___________ into the auxiliary system medium",differently,directly,indirectly,invariably,B,
aigf,4,"In Requirements for internal combustion engines of Piston type, gas can leak directly into the ______________",primary system medium,main system medium,auxiliary system medium,secondary system medium,C,
aigf,4,"In Requirements for internal combustion engines of Piston type, the gas extracted from ____________are vented to a safe location in the atmosphere.",main systems media,auxiliary systems media,primary systems media,secondary systems media,B,
aigf,5,"In Requirements for internal combustion engines of Piston type, the crankcase of a trunk piston type engines are fitted with a means of ______________",automatically injecting inert gas,manually forcing inert gas,automatically forcing inert gas,manually injecting inert gas,D,
aigf,5,"In Requirements for internal combustion engines of Piston type, if combustion has not been detected by the engine monitoring system within an engine specific time after the opening of the fuel supply valve, the ____________________-",fuel supply valve shall be automatically shut off,fuel supply valve shall be manually shut off,fuel supply valve shall be automatically switched on,fuel supply valve shall be manually switched on,A,
aigf,5,"In case of shut-off of the gas fuel supply, the engines are capable of continuous operation by ________ only without interruption",vapour fuel,oxygen fuel,oil fuel,gas fuel,C,
aigf,5,An automatic system shall be fitted to change over from __________,oil fuel operation to gas fuel operation,gas fuel operation to oil fuel operation,vapour fuel operation to oil fuel operation,oil fuel operation to oil fuel operation,B,
aigf,5,"In the case of unstable operation on engines when gas firing, the engine shall automatically change to ______________",oil fuel mode,gas fuel mode,vapour fuel mode,fuel mode,A,
aigf,5,"A ship, irrespective of the date of construction, which is converted to __________ for main or auxiliary machinery on or after date of entry into force shall comply with IGF Code",consume gas,dual fuel,multi fuel,All the above,D,
aigf,5,How shall a ship be converted to __________ for main machinery after date of entry into force shall comply with IGF Code?,consume gas,dual fuel,low-flashpoint fuel,All the above,D,
aigf,5,A ship be converted to __________ for auxiliary machinery after date of entry into force shall comply with IGF Code?,dual fuel,low-flashpoint fuel,use of gas as fuel,All the above,D,
aigf,5,Low nox emission can be achieved by,high pressure YDF,low pressure XDF,low pressure YDF,high pressure XDF,B,
aigf,5,"In power generation including propulsion and other energy converters, the exhausts system are configured to prevent ____________",accumulation of un-burnt gaseous fuel,accumulation of burnt gaseous fuel,both (a) and (b),none of the above,A,
aigf,5,"In power generation including propulsion and other energy converters, the strength to withstand the worst case over pressure due to ignited gas leaks to contain an ignitable gas and air mixture are fitted with ______________",closable non-return valve system,Pressure relief systems,two nonreturn valves system,single nonreturn valves system,B,
aigf,5,"In power generation including propulsion and other energy converters, what is vented away from where personnel may normally be present?",disarm,slump,explosive gas,safe,C,
aigf,5,"In power generation including propulsion and other energy converters, All energy converters shall have ________",separate exhaust system,combined exhaust system,primary exhaust system,secondary exhaust system,A,
aigf,5,"In Requirements for internal combustion engines of Piston type, The exhaust system shall be equipped with ____________ to prevent excessive explosion pressures.",explosion relief ventilation,gravity ventilation,primary relief ventilation,circuit relief ventilation,A,
aigf,5,"In Requirements for internal combustion engines of Piston type, for engines where the space _____________ with the crankcase.",above the piston is in direct communication,above the piston is in indirect communication,below the piston is in direct communication,below the piston is in indirect communication,C,
aigf,5,"In Requirements for internal combustion engines of Piston type, each engine other than _______________ are fitted with vent systems independent of other engines for crankcases and sumps",single-stroke crosshead diesel engines,two-stroke crosshead petrol engines,single-stroke crosshead petrol engines,two-stroke crosshead diesel engines,D,
aigf,5,"In case of shut-off of one fuel supply, the engines are capable of _____________ by an alternative fuel with minimum fluctuation of the engine power",unstable operation,stable operation,continuous operation,non-continuous operation,C,
aigf,5,"In case of shut-off of one fuel supply, the engines are capable of continuous operation by an alternative fuel with _______________",minimum fluctuation of the engine power,higher fluctuation of the engine power,maximum fluctuation of the engine power,nil fluctuation of the engine power,A,
aigf,5,An automatic system are fitted to change over from one fuel operation to an alternative fuel operation with ____________,maximum fluctuation of the engine power,nil fluctuation of the engine power,minimum fluctuation of the engine power,higher fluctuation of the engine power,C,
aigf,5,In the case of unstable operation on an engine when using a particular fuel the engine are ______________ change to an alternative fuel mode.,automatically,manual,programmed,instructed,A,
aigf,5,What are designed to prevent any accumulation of gaseous fuel?,shaft,Combustion chambers,overhead valves,bulkhead valves,B,
aigf,5,VTA turbo charger works on __________ load range of the engine efficiently,starting load range,entire,final step,None of the above,B,
aigf,5,Two stage turbo charging of auxiliary engines increases,fuel consumption high,reduce emissions,not extensive experience in component design,All of the above,B,
aigf,5,Alternate marine power provides power to _______,Main sea water pump,Main fire pump,air conditioner,All of the above,C,
aigf,5,Disadvantages of Cold ironing,problems not pertaining to cost,huge investment for setting up of equipments for AMP,compatible for tankers,All of the above,B,
aigf,5,Energy recovery can be achieved by _________,fixing sails or wings,Not fixing flettner rotors,Not fixing kite,All of the above,A,
aigf,5,The advantage of hydrogen powered vessels is _______,there is no emission of CO2,there is no emission of SO2,there is no emission of nox,All of the above,D,
aigf,5,________ produces electricity from the main proposion engine,auxiliary geenrator,main geenrator,shaft generator,ordinary generator,C,
aigf,5,Shaft generator produces electricity from the _________,main proposion engine,side proposion engine,left engine,None of the above,A,
aigf,5,Prime surgreen focuses towards fulfilling of all emission standards from the _____________,Director General of Shipping,International Maritime Organisation,Mercantile Marine department,None of the above,B,
aigf,6,Prime surgreen focuses towards fulfilling of all _________ standards from the International Maritime Organisation,emission,omision,depletion,None of the above,A,
aigf,6,________ increases efficieny and reduce emissions of main engine,turbo charger refitting,propulsion shaft cleaning,exhaust boiler cleaning,None of the above,A,
aigf,6,_________ works efficiently in entire load of the engine,Turbo charger,exhaust boiler,propulsion shaft,None of the above,A,
aigf,6,Reducing fouling of engine parts can be achieved by using ___________,ATV technology,Vat tehnology,VTA technology,None of the above,C,
aigf,6,Disadvantage of LNG fuel is,release of unburned methane into atmosphere,emission of CO2,emission of NOX,emission of sox,A,
aigf,6,Burners are designed to maintain _____________ under all firing conditions.,unstable combustion,explosive combustion,stable combustion,spontaneous combustion,C,
aigf,6,On the pipe of each gas burner a _______________ are fitted,manually operated shut-off valve,manually operated switch-on valve,automatically operated shut-off valve,automatically operated switch-on valve,A,
aigf,6,The exhausts are appropriately configured to prevent any accumulation of ___________,burnt fuel gas,un-burnt fuel gas,both (a) and (b),none of the above,B,
aigf,6,____________ within the exhaust uptakes to be lead to a non-hazardous location away from personnel.,closable non-return valve system,Pressure relief systems,two nonreturn valves system,single nonreturn valves system,B,
aigf,6,Pressure relief systems within the exhaust uptakes to be lead to a ______________ location away from personnel.,toxic,risky,non-hazardous,hazardous,C,
aigf,6,In gas turbine may be fitted in a gas-tight enclosure a ____________ in the gas supply piping may be accepted within this enclosure,pressure above 10 bar,pressure above 30 bar,pressure above 50 bar,pressure below 10 bar,A,
aigf,6,What is the full redundancy for ventilation for the enclosure for ESD protected machinery spaces ?,2x200% capacity fans from different electrical circuits,2x100% capacity fans from same electrical circuits,2x200% capacity fans from same electrical circuits,2x100% capacity fans from different electrical circuits,D,
aigf,6,Each __________ are fitted with an automatic shutdown device for high exhaust temperatures.,pelton wheel,turbine,both (a) and (b),none of the above,B,
aigf,6,Fuel cells design are to ensure that any single failure in active components of the fuel cell system not lead to ____________,loss of efficiency,loss of manoeuring,loss of propulsion,loss of brake air,C,
aigf,6,Fuel cells design are to ensure that any single failure in active components of the fuel cell system not lead to ____________,loss of auxiliary power,loss of primary power,loss of secondary power,loss of additional power,A,
aigf,6,"To make a fuel cell space non hazardous, all fuel pipes are enclosed in a gas tight _________",double open space,ring space,double enclosure,single enclosure,C,
aigf,6,The fuel cell space is fitted with gas detection and an _______________ for Emergency ShutDown protected machinery spaces.,programmed shut down system,automatic shut down system,instructed shut down system,manual shut down system,B,
aigf,6,"For fuel cell systems with aggregate power ______________, the installation of the whole fuel cell system in the same compartment may be accepted by the Administration",lower than 500 kW,lower than 775 kW,lower than 375 kW,lower than 275 kW,C,
aigf,6,Fuel tanks located above the bulkhead deck shall be shielded with ________ insulation towards accommodation.,class A-60,class A-90,class A-120,class A-80,A,
aigf,6,______________used for refrigeration or cooling of fuel must be compatible with the fuel.,Refrigerants,freezing,boiler,Griller,A,
aigf,6,Heat exchangers can be repaired on board without ___________,external sources,internal sources,heat sources,power sources,A,
aigf,6,What is arranged to enable each fuel storage tank to be safely gasfreed and to be safely filled with fuel gas from a gas-free condition?,storage tank,a piping system,heat exchangers,Gas Combining Unit,B,
aigf,6,Dry air only applicable for which type of tankvwhere condensation and icing due to cold surfaces is an issue?,liquid tanks,fuel tanks,cargo tanks,storage tanks,B,
aigf,6,The ship's motion shall include ______________,surge,sway,heave,All the above,D,
aigf,6,What properties are adequate for the intended service to Thermal insulation and other materials used in liquefied gas fuel containment systems?,compatibility with the liquefied gas fuels,solubility in the liquefied gas fuel,absorption of the liquefied gas fuel,All the above,D,
aigf,6,The properties for Thermal insulation the range should be how much,minimum,between temperature in service and 5°C below the minimum design temperature,neutral,zero,B,
aigf,6,The properties for Thermal insulation and other materials including composites tested how much should be the minimum Design temperature should not be lower than__________,plus196°C,minus196°F,minus196°C,plus196°F,C,
aigf,6,_________ refers to the usage of other power supply sources to feed power to the ship,alternate marine power system,ship marine power system,alternate feed power system,None of the above,A,
aigf,6,_______ reduces the emission by the ship by a great margin,alternate marine power system,auxiliary marine power system,main marine power system,None of the above,A,
aigf,6,Alternate Marine Power provides powers to,lights,refrigerator,air conditioner,All of the above,D,
aigf,7,Which type of vessel has got the biggest disadvantage with reference to Alternate Marine Power?,bulK carrier,container,tanker,passenger ships,C,
aigf,7,Speed recovery solutions can save fuel upto,1%,2%,4-11%,20-30%,C,
aigf,7,Coating is done to reduce ___________,hull sytems,air resistance,oil resistance,None of the above,B,
aigf,7,________ is an engine for reduction of the vessels maximum speed to increase the efficiency by limiting the potential power output,rerating,derating,over rating,None of the above,B,
aigf,7,LNG fuel should have after treatment systems like ___________,hydrogen catalyst,oxidation catalyst,nitrogen catalyst,helium catalyst,B,
aigf,7,_______ should have after treatment systems like oxidation catalyst,LNG fuel,gas fuel,coal,petrol,A,
aigf,7,The _________ tecnhnology concept is based on the lean burn principle,high pressure YDF,low pressure XDF,low pressure YDF,high pressure XDF,B,
aigf,7,Slow steaming is otherwise called,derating of the engine,rerating of the engine,duerating of the engine,maxrating of the engine,A,
aigf,7,Reduction in specific fuel oil consumption can be achieved by,derating of the engine,rerating of the engine,duerating of the engine,maxrating of the engine,A,
aigf,7,The cooling jacket of a hybrid turbo charger is made up of which material,steel,stainless steel,aluminium,silver,C,
aigf,7,GCU means ___________________,Goods Combustion Unit,Gas Consumption Unit,Gas Combustion Unit,Gas Combining Unit,C,
aigf,7,_____________ utilized for gas freeing of tanks may be provided externally to the ship.,Non-Toxic gas,Inert gas,Green gas,Toxic gas,B,
aigf,7,Spaces surrounding fuel tanks is filled with which type of air?,moistured air,vapour,cool air,dry air,D,
aigf,7,What is electrically bonded in ship's structure?,sea water line,All gasketed pipe joints,All non-gasketed pipe joints,fresh water line,B,
aigf,7,All pipelines isolated in a liquid full condition are provided with ___________,butterfly valves,relief valves,control valves,diaphgramvalves,B,
aigf,7,Pipework contain ____________ which is thermally insulated to an extent which will minimize condensation of moisture,high temperature liquid,low pressure liquid,high pressure liquid,low temperature liquid,D,
aigf,7,Pipework contain low temperature liquid or gas which is thermally insulated to an extent which will ___________,maximize evaporation of moisture,minimize condensation of moisture,maximize condensation of moisture,minimize evaporation of moisture,B,
aigf,7,"Piping other than fuel supply piping, what is arranged in the double wall piping?",fresh water,sea water,cabling,none of the above,C,
aigf,7,"Piping other than cabling, what is arranged in the double wall piping?",fresh water,fuel supply piping,sea water,none of the above,B,
aigf,7,What is provided that they do not create a source of ignition compromise the integrity of the double pipe?,drain,duct,closure,entry,B,
aigf,7,"In the minimum wall thickness, t=(to + b + c)/(1 - a/100)(mm), What is to?",design pressure,theoretical thickness,allowance for bending,corrosion allowance,B,
aigf,7,"Indicators fitted on the navigation bridge, ,the engine control room and the manoeuvring platform operation of Main engine",manoeuvring platform,Deck,Pump room,none of the above,A,
aigf,7,"Indicators fitted on the ____________ ,the engine control room and the manoeuvring platform operation of Main engine","navigation bridge,",Deck,Pump room,none of the above,A,
aigf,7,Where is permanently installed gas detectors fitted?,the tank connection spaces,in all ducts around gas pipes,remote operation,both (a) and (b),D,
aigf,7,Where is redundant gas detection systems be provided?,ESD-protected detection space,ESD-protected machinery space,ESD-unprotected machinery space,ESD-unprotected detection space,B,
aigf,7,In which area electrical equipment or wiring are not installed unless essential for operational purposes or safety enhancement?,Gas free area,protected area,safe area,hazardous areas,D,
aigf,7,How is the lighting system in hazardous areas be divided ?,at least three branch circuits,at least five branch circuits,single circuits,at least two branch circuits,D,
aigf,7,Where will the switches and protective devices interrupt all poles or phases are provided,toxic area,Gas area,non-hazardous area,hazardous area,C,
aigf,7,The liquefied gas fuel containment system structure and its structural components shall withstand _______________ without loss of containment,loads liable to occur during its construction,testing,anticipated use in service,All the above,D,
aigf,7,The liquefied gas fuel containment system structure and its structural components shall withstand loads liable to occur during its ____________ without loss of containment.,construction,testing,anticipated use in service,All the above,D,
aigf,8,In Ultimate Design Conditions –the design shall take into account proper combinations of which type of loads?,Internal pressure,External pressure,Dynamic loads due to the motion of the ship in all loading conditions,All the above,D,
aigf,8,What are the accident design conditions addressed in IGF Code?,Collision,Fire,Flooded compartment causing buoyancy on tank,All the above,D,
aigf,8,The hull structure may be designed as a secondary barrier where the liquefied gas fuel temperature at atmospheric pressure is not below minus 55°C on ______________,the hull material can be suitable for the liquefied gas fuel temperature at atmospheric pressure,the design can be such that this temperature will not result in unacceptable hull stresses,both (a) and (b),none of the above,C,
aigf,8,In ship design and arrangement is to provide for,refuelling systems,space arrangements,mechanical protection of power generation equipment,All the above,D,
aigf,8,"the fuel when carried in a fuel containment system requiring a complete or partial secondary barrier,hold spaces shall be segregated from the sea by a double bottom.is carried at temperatures below ___________,",minus 10ºC,plus 10ºC,0ºC,none of the above,A,
aigf,8,"the fuel when carried in a fuel containment system requiring a complete or partial secondary barrier, at temperatures below ____________, the ship shall also have a longitudinal bulkhead forming side tanks",minus 55ºC,plus 55ºC,0ºC,none of the above,A,
aigf,8,Liquefied gas fuel containment systems can be designed in accordance with ___________ environmental conditions,north Indian ocean,north Atlantic,north Antartic,north Pacific,B,
aigf,8,Liquefied gas fuel containment systems can be designed with suitable safety margins such as ___________,to withstand in the intact condition,the environmental conditions anticipated for the liquefied gas fuel containment system's design life and the loading conditions appropriate for them,being appropriate for uncertainties in loads,All the above,D,
aigf,8,What criteria to be considered when establishing functional loads?,Internal pressure,External pressure,Thermally induced loads,All the above,D,
aigf,8,What are the cases Internal pressure in Liquefied gas fuel containment safety principles ?,Po shall not be less than MARVS,Po shall not be less than the gauge vapour pressure of the liquefied gas fuel at a temperature of 45°C,both (a) and (b),none of the above,C,
aigf,8,External design pressure loads can be based on the difference between the,inside temperature and outside temperature,minimum internal pressure and the maximum external pressure to which any portion of the tank,No need to consider any pressure while designing,none of the above,B,
aigf,8,Where the liquefied gas fuel temperature at atmospheric pressure is not____________ the hull structure may be designed as a secondary barrier,below 255°C,below minus 55°C,below plus 55°C,above plus 55°C,B,
aigf,8,Stationary thermally induced loads shall be considered for liquefied gas fuel containment systems where,the design supporting arrangements or attachments,operating temperature may give rise to significant thermal stresses,both (a) and (b),none of the above,C,
aigf,8,The static component of loads resulting _____________ can be considered.,"from interaction between liquefied gas fuel containment system and the hull structure,","loads from associated structure and equipment,",both (a) and (b),All the above,C,
aigf,8,Environmental loads are not otherwise classified as a ____________,permanent load,functional load,accidental load,All the above,D,
aigf,8,"In dynamic loads reduction, Account may due to necessary ___________",speed reduction,variation of heading,both (a) and (b),none of the above,C,
aigf,8,The accelerations acting on tanks shall be estimated at their centre of gravity and includes which type of components?,"vertical acceleration: motion accelerations of heave, pitch and, possibly roll","transverse acceleration: motion accelerations of sway, yaw and roll and gravity component of roll",longitudinal acceleration: motion accelerations of surge and pitch and gravity component of pitch,All the above,D,
aigf,8,The dynamic component of loads resulting from interaction between ___________,liquefied gas fuel containment systems,the hull structure,including loads from associated structures and equipment,All the above,D,
aigf,8,Accidental loads are loads that are imposed on a liquefied gas fuel containment system and it's supporting arrangements under ______________ conditions,abnormal,unplanned,both (a) and (b),none of the above,C,
aigf,8,The structural design can take into account the possibility of ________,plastic deformation,buckling,fatigue failure,All the above,D,
aigf,8,With reference to load calculation LRFD means ____________________,Load Resistance Factor Design,Level Resistance Factor Design,Level Reaction Factor Design,Load Resistance Fever Design,A,
aigf,8,"In Structural analysis, The design analyses is based on accepted principles of ___________",statics load,dynamics load,strength of materials,All the above,D,
aigf,8,Simplified methods or simplified analyses may be used to calculate the ____________,dynamics effects,load effects,theory effects,statics effects,B,
aigf,8,"In structural analysis, the most unfavourable scenarios for all relevant phases during ____________ shall be considered",construction stage,handling stage,testing stage,All the above,D,
aigf,8,How is Structural capacity determined?,testing,analysis,both (a) and (b),none of the above,C,
aigf,8,How is Structural capacity determined by simplified linear elastic analysis or by Code provisions?,Plastic deformation and buckling shall be considered,Analysis shall be based on characteristic load values,both (a) and (b),none of the above,C,
aigf,8,How is Structural capacity How is analysis based on characteristic load values follows for Environmental Loads?,strength Values,Specified Values,For wave loads; most probable largest load encountered during 108 wave encounters,Expected Values,C,
aigf,8,Stresses may be further limited by ____________,fatigue analysis,crack propagation analysis,buckling criteria,All the above,D,
aigf,8,On what basis analysis based on characteristic load values for Permanent Loads?,"Expected Load History, but not less than 108 cycles",Expected Values,Dynamic Valves,Specified Values,B,
aigf,8,On what basis analysis based on characteristic load values for Functional Loads?,Specified Values,"Expected Load History, but not less than 108 cycles",Expected Values,Dynamic Valves,A,
aigf,9,On what basis analysis based on characteristic load values for Environmental Loads?,Dynamic Valves,Specified Values,"Expected Load History, but not less than 108 cycles",Expected Values,C,
aigf,9,Fracture mechanics analyses of fatigue crack growthis carried out by?,Crack propagation paths in the structure,Crack growth rate,The time required for a crack to propagate to cause a leakage from the tank,All the above,D,
aigf,9,The accidental design condition is a design condition for _________ with extremely LOW PROBABILITY of occurrence,environmental load,accidental loads,static load,gravity load,B,
aigf,9,IMDG Code means,Indian Maritime Dangerous Goods Code,International Maritime Dangerous Goods Code,International Marine Dangerous Goods Code,International Maritime Deck Goods Code,B,
aigf,9,Reliquefaction of vapours method chosen shall be capable of maintaining tank pressure ___________ of the tank for a period of 15 days assuming full tank at normal service pressure,above the set pressure,below the set pressure,below the set volume,above the set volume,B,
aigf,9,How is reliquefaction system be designed and calculated?,"a direct system where evaporated fuel is compressed, condensed and returned to fuel tanks","an indirect system where evaporated fuel is compressed, condensed and returned to fuel tanks","a direct system where evaporated fuel is compressed, condensed and returned to cargo tanks","an indirect system where evaporated fuel is compressed, condensed and returned to cargo tanks",A,
aigf,9,Which method is used in case of a single failure of the fuel tank pressure and temperature can be maintained by another service/system ?,Primary system and its supporting auxiliary services,Refrigerants system and its supporting auxiliary services,The availability of the system and its supporting auxiliary services,The non-availability of the system and its supporting auxiliary services,C,
aigf,9,___________ are for maintaining the pressure and temperature of the gas fuel tanks within their design ranges,Primary system,Heat exchangers,Freezing,none of the above,B,
aigf,9,Heat exchanger's standby heat exchanger have a capacity ____________ of the largest required capacity for pressure control.,inadequacy of 25%,lack of 25%,in excess of 25%,need of 25%,C,
aigf,9,Interbarrier and hold spaces associated with cargo containment systems for ______________ requiring full or partial secondary barriers shall be inerted with a suitable dry inert gas,inflammable gases,Inert gas,flammable gases,Green gas,C,
aigf,9,Interbarrier and hold spaces associated with cargo containment systems are kept inerted with make-up gas provided by a shipboard _________________,flammable gas generation system,Green gas generation system,inert gas generation system,toxic gas generation system,C,
aigf,9,Equipment for the provision of _______________ of suitable quality to satisfy the expected demand for dry air shall be provided.,sufficient moistured air,sufficient dry air,insufficient dry air,insufficient moistured air,B,
aigf,9,The connections to the gas piping systems are _______________,hazardous,non-permanent,permanent,non-hazardous,B,
aigf,9,"In connections to the gas piping systems, what are substituted for the valves?",two nonreturn valves,two return valves,single nonreturn valves,multi nonreturn valves,A,
aigf,9,How is the arrangement for each space being inerted ?,groups,multi space,isolated,none of the above,C,
aigf,9,What is provided for controlling pressure in isolated spaces?,closable non-return valve,relief valves,two nonreturn valves,single nonreturn valves,B,
aigf,9,What is the goal of material and general pipe design?,to ensure the safe handling of cargoes,to ensure the safe handling of pipes,to ensure the safe handling of gas fuel,to ensure the safe handling of drinking water,C,
aigf,9,Under which condition goal of material and general pipe design works?,only on limited conditions,based on the best condition,based on the fuel,under all operating conditions,D,
aigf,9,What does goal of material and general pipe design minimize?,the risk to the ship,risk personnel,both (a) and (b),none of the above,C,
aigf,9,What is fuel piping capable of?,eliminate vaccum space,eliminate thermal expansion,absorbing thermal expansion,absorbing vaccum space,C,
aigf,9,"In Provision made in Functional requirements, fuel tanks from excessive stresses are due to _________",pressure movement,thermal movement,vaccum movement,none of the above,B,
aigf,9,What is not essential to the structural completeness of the ship's hull?,Enclosed tank,An independent tank,Dependent tank,none of the above,B,
aigf,9,Which tank contains the fuel-containment envelope which forms part of the ship's hull and by the same loads which stress the contiguous hull structure?,Gravity tank,Integral tank,both (a) and (b),none of the above,B,
aigf,9,Which type of test covers the tensile strength not less than the specified minimum tensile strength?,Tensile tests,Charpy V-notch impact tests,Bend tests,All of the above,A,
aigf,9,Which type of test conducted at the temperature prescribed for the base material being joined?,Tensile tests,Charpy V-notch impact tests,Bend tests,All of the above,B,
aigf,9,"What is the unit of theoretical thickness, to?",cm,mm,m,km,B,
aigf,9,"What is the unit of P,design pressure?",K,bar,Pa,mm,B,
aigf,9,"In the theoretical thickness, to=PD/(20Ke + P) (mm), What is D?",outside diameter,PRESSURE,theoretical thickness,pressure volume,A,
aigf,9,"In the theoretical thickness, What is the unit of D,outside diameter?",Bar,mm,Newtons,km,B,
aigf,9,"In the theoretical thickness, What is the unit of b,allowance for bending?",cm,mm,m,km,B,
aigf,10,"In allowance for bending,b = Dt0/2.5r (mm), What is r?",mean width of the bend,mean radius of the bend,mean diameter of the bend,mean length of the bend,B,
aigf,10,"In allowance for bending, What is the unit of r,mean radius of the bend?",m,cm,mm,km,C,
aigf,10,"In the minimum wall thickness, t=(to + b + c)/(1 - a/100)(mm), What is c?",cargo allowance,cargo limitation,corrosion condition,corrosion allowance,D,
aigf,10,"In the minimum wall thickness,What is the unit of corrosion allowance,c?",cm,mm,m,km,B,
aigf,10,The absolute minimum wall thickness are in accordance with,a standard acceptable to the Administration,own set of rules,both (a) and (b),none of the above,A,
aigf,10,"What is appropriate in greater design conditions used for piping, piping system and components?",for systems or components which may be separated from their control valves,for systems or components which may be separated from their relief valves,for systems or components which may be combined from their relief valves,for systems or components which may be combined from their control valves,B,
aigf,10,"In greater design conditions used for piping, piping system and components, What is the vapour pressure?",vapour pressure at 45°C,vapour pressure at 750°C,vapour pressure at 805°C,vapour pressure at 500°C,A,
aigf,10,"In greater design conditions used for piping, piping system and components,Where will be the initial condition of saturated vapour in the system?",vapour pressure system,system operating pressure,components operating pressure,gas pressure system,B,
aigf,10,"What is appropriate in greater design conditions used for piping, piping system and components?",the MARVS of the fuel tanks and pressure processing systems,the MARVS of the fuel tanks and gas processing systems,the MARVS of the fuel tanks and fuel processing systems,the MARVS of the vapour tanks and fuel processing systems,C,
aigf,10,Insulation spaces are continually supplied with an inert gas as part of ______________,leak detection system,lever detection system,lever defining system,leak defining system,A,
aigf,10,"In IGF Code, Secondary barrier means",to prevent the lowering of the temperature of the ship’s structure to an unsafe level,the liquid-resisting outer element of a fuel containment system designed to afford temporary containment of any envisaged leakage of liquid fuel through the primary barrier,both (a) and (b),none of the above,C,
aigf,10,"In IGF Code, Secondary protection means",the liquid-resisting outer element of a fuel containment system designed to afford temporary containment of any envisaged leakage of liquid fuel through the primary protection,a failure of the first barrier will not lead to a hazard because of the secondary protection,a failure of the first barrier will lead to a hazard because of the primary protection,the liquid-resisting outer element of a fuel containment system designed to afford temporary containment of any envisaged leakage of liquid fuel through the secondary protection,B,
aigf,10,What concept is applied to minimize the probability of a gas explosion in a machinery space with gas- fuelled machinery ?,Gas safe machinery spaces,Emergency Shutdown-protected machinery spaces,both (a) and (b),none of the above,C,
aigf,10,What is Gas safe machinery spaces?,"Arrangements in machinery spaces are such that the spaces are considered gas safe under all conditions, normal as well as abnormal conditions",Arrangements in machinery spaces are such that the spaces are considered non-hazardous,both (a) and (b),none of the above,A,
aigf,10,What is Emergency Shutdown-protected machinery spaces?,"Arrangements in machinery spaces are such that the spaces are considered gas safe under all conditions, normal as well as abnormal conditions","Arrangements in machinery spaces are such that the spaces are considered non-hazardous under normal conditions, but under certain abnormal conditions may have the potential to become hazardous",both (a) and (b),none of the above,B,
aigf,10,What will be the Gas safe machinery space failure?,a single failure cannot lead to release of fuel gas into the machinery space,a single failure may result in a gas release into the space,probable maximum leakage scenario due to technical failures,none of the above,A,
aigf,10,Potential dangers to be avoided include,exposure of ship materials to temperatures below acceptable limits,toxicity potential,flammable fuels spreading to locations with ignition sources,All the above,D,
aigf,10,The design life of fixed liquefied gas fuel containment system __________ whichever is greater,should not be less than the design life of the ship,20 years,both (a) and (b),none of the above,C,
aigf,10,"In Liquefied gas fuel containment, The design life of portable tanks shall not be less than",sthe design life of the ship,20 years,both (a) and (b),none of the above,B,
aigf,10,"The design of the secondary barrier, including spray shield if fitted will be __________",it is capable of containing any envisaged leakage of liquefied gas fuel for a period of 15 days,"physical, mechanical or operational events within the liquefied gas fuel tank",failure of a support or an attachment to the hull structure will not lead to loss of liquid tightness of both the primary and secondary barriers,All the above,D,
aigf,10,"The design of the secondary barrier, including spray shield if fitted will be __________",it is capable of being periodically checked for its effectiveness by means of a visual inspection,The secondary barrier shall fulfil its functional requirements at a static angle of heel of 30°,it is capable of containing any envisaged leakage of liquefied gas fuel for a period of 15 days,All the above,D,
aigf,10,"The partial secondary barrier include means to detect a leak in the primary barrier, provision such as a _____________",spray shield to deflect any liquefied gas fuel down into the partial secondary barrier,means to dispose of the liquid which may be by natural evaporation,both (a) and (b),none of the above,C,
aigf,10,What are the fundamentals to safety gas carriers?,segregation,seperation,air locks,All the above,D,
aigf,10,"In design loads, Load categories contains __________",environmental load,accidental load,permanent load,All the above,D,
aigf,10,"In design loads, the extent to which these loads depends on the ____________",Man taking sounding,type of water,design engineer,type of tank,D,
aigf,10,Permanent loads- Gravity loads depends on __________,weight of tank,thermal insulation weight load,loads caused by towers,All the above,D,
aigf,10,Gravity loads of structures and equipment acting ____________ on the tank,from air,externally,from bottom,from no where,B,
aigf,10,What is called Functional loads?,Gravity loads of structures and equipment acting externally on the tank,Loads arising from the operational use of the tank system,"The weight of tank, thermal insulation, loads caused by towers and other attachments",none of the above,B,
aigf,10,Permanent external loads,loads of structures and equipment acting externally on the tank,"The weight of tank, thermal insulation, loads caused by towers and other attachments",Loads arising from the operational use of the tank system,none of the above,A,
aigf,10,Gravity loads,Loads arising from the operational use of the tank system,"The weight of tank, thermal insulation, loads caused by towers and other attachments",loads of structures and equipment acting externally on the tank,none of the above,B,
aigf,11,"In structural analysis, ___________ may be used in combination with, or instead of, theoretical calculations.",integrity,Model tests,gravity tests,dynamic tests,B,
aigf,11,"In Load scenarios, What are the most unfavourable scenarios for all relevant phases are considered?",construction,handling,testing,All the above,D,
aigf,11,Reliquefaction systems has to be sized in a sufficient way also in case of ____________,effective consumption,greater consumption,no or low consumption,high consumption,C,
aigf,11,Thermal oxidation is done by consumption of the vapours according to the __________________.,regulations for consumers,regulations for cargo,regulations for ship,regulations for flag,A,
aigf,11,Insulation spaces are continually supplied with an inert gas as part of ______________,leak detection system,lever detection system,lever defining system,leak defining system,A,
aigf,11,Insulation spaces is provided to monitor the _______________,the quantity of vapour being supplied to individual spaces,the quantity of liquid being supplied to individual spaces,the quantity of fuel being supplied to individual spaces,the quantity of gas being supplied to individual spaces,D,
aigf,11,"In Gravity tank, what is the design pressure?",not greater than 0.07 MPa gauge at the bottom of the tank,not greater than 0.07 MPa gauge at the top of the tank,greater than 0.07 MPa gauge at the top of the tank,greater than 0.07 MPa gauge at the bottom of the tank,B,
aigf,11,What will be covered by cofferdams acting as secondary barriers?,Tanks for high-flashpoint liquids,Tanks for low-flashpoint liquids,Tanks for water,Tanks for high-flashpoint oils,B,
aigf,11,How is cofferdam arranged?,With no gas detection and possibility for water filling upon detection of leakage,With no gas detection and no possibility for water filling upon detection of leakage,With gas detection and possibility for water filling upon detection of leakage,With gas detection and no possibility for water filling upon detection of leakage,C,
aigf,11,How will be the access to tanks and cofferdams?,be indirect from open deck,be direct from open deck,be direct from closed deck,be indirect from closed deck,B,
aigf,11,What is the minimum clear opening of hatches or manholes?,no less than 6000by 800 mm,no greater than 800 by 800 mm,no less than 600 by 600 mm,none of the above,C,
aigf,11,What is the minimum clear opening of horizontal openings?,no greater than 500 by 500 mm,no greater than 600 by 600 mm,no less than 500 by 500 mm,no less than 600 by 600 mm,D,
aigf,11,What is the minimum clear opening of hatches or manholes through the length and breadth of the space?,less than 600 mm by 800 mm at the height of more than 600 mm from the bottom,not less than 600 mm by 800 mm at the height of not more than 600 mm from the bottom,less than 600 mm by 800 mm at the height of not more than 600 mm from the bottom,not less than 600 mm by 800 mm at the height of more than 600 mm from the bottom,B,
aigf,11,What is the minimum clear opening of vertical openings?,less than 600 mm by 800 mm at the height of more than 600 mm from the bottom,not less than 600 mm by 800 mm at the height of not more than 600 mm from the bottom,less than 600 mm by 800 mm at the height of not more than 600 mm from the bottom,not less than 600 mm by 800 mm at the height of more than 600 mm from the bottom,B,
aigf,11,"In pump room, what are the basic things present?",ventilation of the space,continuous gas detection,both (a) and (b),none of the above,C,
aigf,11,Pressure relief systems is for which type of fuel tanks?,high-flashpoint liquid fuel tanks,low-flashpoint liquid fuel tanks,both (a) and (b),none of the above,B,
aigf,11,What test is for Type A independent tanks?,hydrostatic test,hydropneumatic test,hydrodynamic test,both (a) and (b),D,
aigf,11,"For Type B tanks, the maximum primary membrane stress under test conditions of the yield will not _____________",not exceed 90%,exceed 90%,not exceed 50%,exceed 50%,A,
aigf,11,"For Type B tanks, the maximum primary maximum bending stress under test conditions of the yield will not _____________",exceed 50%,exceed 90%,not exceed 50%,not exceed 90%,A,
aigf,11,"For Type C tanks, What is the pressure vessel to a hydrostatic test at a pressure measured at the top of the tanks ?",less than 1.5 Po,not greater than 2.5 Po,not less than 1.5 Po,greater than 2.5 Po,C,
aigf,11,What is the temperature of the water used for the test above the nilductility transition temperature of the material?,below 30°C,at least 30°C,above 30°C,equal to 30°C,B,
aigf,11,"In Non destructive testing, What is the design temperatures?",colder than –200°C,colder than –500°C,colder than –300°C,colder than –10°C,D,
aigf,11,"During test, what is tested in valves?",width of the valve,operation of the valve,colour of the valve,length of the valve,B,
aigf,11,Which type of test covers the fracture acceptable after a 180° bend?,Tensile tests,Charpy V-notch impact tests,Bend tests,All of the above,C,
aigf,11,What IS prevented in good mechanical strength?,prevent damage,harmful,thermal expansion,none of the above,A,
aigf,11,Mechanical strength is impracticable or would cause ________,no stress,lower local stresses,excessive local stresses,none of the above,C,
aigf,11,"In allowable loads, liquid pressure surge during transfer operations cause",live loads,superimposed dead loads,superdead loads,superimposed loads,D,
aigf,11,"In allowable loads,the weight of suspended valves cause",superdead loads,live loads,superimposed loads,superimposed dead loads,C,
aigf,11,"In allowable loads, reaction to loading arm connections cause",superimposed loads,live loads,superimposed dead loads,superdead loads,A,
aigf,11,High pressure gas piping systems have ____________,sufficient destructive strength,sufficient constructive strength,insufficient constructive strength,insufficient destructive strength,B,
aigf,12,High pressure gas piping systems are confirmed by carrying out stress analysis of,stresses due to the length of the piping system,destresses due to the length of the piping system,stresses due to the weight of the piping system,destresse due to the weight of the piping system,C,
aigf,12,"In allowable stress, When the design temperature is _________ a complete stress analysis all the stresses happens.",minus 2200 C,plus 220 C,minus 110 C,plus 1100 C,C,
aigf,12,The arrangement and installation of gas piping provides the necessary flexibility to maintain the _________,cutting of the piping system,division of the piping system,abstinence of the piping system,integrity of the piping system,D,
aigf,12,"_______________ comply with a standard acceptable to the Administration, taking into account the design pressure.",pipes,Flanges,tubes,All of the above,D,
aigf,12,"In Piping fabrication, for bellows and expansion joints used in vapour service, a ____________ than defined in is accepted.",higher maximum design pressure,lower minimum design pressure,lower maximum design pressure,higher minimum design pressure,B,
aigf,12,"In Piping fabrication, All valves and expansion joints used in ____________",low pressure pipe system,high pressure pipe system,low pressure gas systems,high pressure gas systems,D,
aigf,12,"In Piping fabrication, The piping system shall be joined by welding with a ____________",minimum of tanks connections,minimum of flange connections,maximum of flange connections,maximum of tanks connections,B,
aigf,12,"In Piping fabrication, Gaskets shall be protected against ____________",blow-out,light,mild occurance,All of the above,A,
aigf,12,"In Piping fabrication, ____________ are protected against blow-out.",nut,liner,Gaskets,seal,C,
aigf,12,Piping fabrication and joining details shall comply with ___________,Direct connections,Diverted connections,parallel connections,Indirect connections,A,
aigf,12,"In Expansion joints of Piping fabrication, Where bellows and expansion joints are provided in accordance with _____________",bellows are disconnected,bellows are removed,bellows shall be protected against icing,bellows shall be unprotected against icing,C,
aigf,12,"In Expansion joints of Piping fabrication, In other connections,___________ is joined in accordance but for other exceptional cases the Administration or its Recognized Organization may consider alternative arrangements.",temperature meter,presssure gauge,steel joints,Piping connections,D,
aigf,12,"In Direct connections of Piping fabrication, ____________ with complete penetration at the root may be used in all applications",U-groove weld,Butt-welded joints,lap joints,corner joints,B,
aigf,12,"In Direct connections of Piping fabrication,For design temperatures colder than__________ butt welds will be either double welded or equivalent to a double welded butt joint.",plus 5000°C,minus 10°C,minus 500°C,plus 100°C,B,
aigf,12,"In Piping fabrication,What is accomplished by use of a backing ring, consumable insert or inert gas back- up on the first pass?",Indirect connections,parallel connections,Direct connections,Diverted connections,C,
aigf,12,"In Piping fabrication, For design pressures in ______________ and design temperatures of minus 10°C or colder, backing rings will be removed.",20 bar,30 bar,40 bar,10 bar,D,
aigf,12,"In Piping fabrication, For design pressures in 10 bar and design temperatures of ___________, backing rings will be removed.",plus 5°C,minus 10°C,minus 5°C,plus 10°C,B,
aigf,12,"In Direct connections of Piping fabrication, ____________ with sleeves and related welding, having dimensions in accordance with recognized standards",socket welded joints,T - welded joints,Slip-on welded joints,U- welded joints,C,
aigf,12,"In Direct connections of Piping fabrication, Slip-on welded joints are only be used for instrument lines and open-ended lines with an ___________",external diameter of 50 mm or more,internal diameter of 50 mm or more,internal diameter of 50 mm or less,external diameter of 50 mm or less,D,
aigf,12,"In Direct connections of Piping fabrication, Slip-on welded joints are only be used for instrument lines and design temperatures not colder than _______________",minus 1000°C,minus 5000°C,minus 55°C,plus 55°C,C,
aigf,12,"In Direct connections of Piping fabrication, ____________ used for accessory lines and instrumentation lines with external diameters of 25 mm or less.",Screwed couplings,glued coupling,threaded coupling,All of the above,A,
aigf,12,"In Direct connections of Piping fabrication, Screwed couplings used for accessory lines and instrumentation lines with _______________",internal diameters of 25 mm or more,external diameters of 25 mm or less,internal diameters of 25 mm or less,external diameters of 25 mm or more,B,
aigf,12,"In Direct connections of Flanged connections, Flanges in flange connections will be of ____________",U welded type,slip-on or socket welded type,butt welded type,t-welded type,B,
aigf,12,"In Direct connections of Flanged connections, For all piping except open ended, what restrictions is applied?","For design temperatures colder than minus 55°C, only welded threaded flanges shall be used","For design temperatures colder than minus 55°C, only welded lap flanges shall be used","For design temperatures colder than minus 55°C, only welded neck flanges shall be used","For design temperatures colder than minus 55°C, only welded slip on flanges shall be used",C,
aigf,12,"In Direct connections of Flanged connections, For all piping except open ended, For design temperatures ___________ only welded neck flanges shall be used.",colder than minus 1000°C,colder than minus 55°C,colder than minus 3400°C,colder than minus 4400°C,B,
aigf,12,"In Direct connections of Flanged connections, For design temperatures ____________ slip-on flanges shall not be used in nominal sizes above 100 mm",colder than minus 30°C,colder than minus 20°C,colder than minus 150°C,colder than minus 10°C,D,
aigf,12,"In Direct connections of Flanged connections, For design temperatures colder than minus 10°C slip-on flanges will not be used in nominal sizes _________",above 500 mm,above 100 mm,above 10 mm,above 250 mm,B,
aigf,12,"In Direct connections of Flanged connections, welded flanges shall not be used in nominal sizes _______________",above 50 mm,below 50 mm,above 25 mm,below 25 mm,A,
aigf,12,Deep well pump is the type of ____________ cargo pump found on gas carriers.,gear,centrifugal,diaphragm,reciprocating,B,
aigf,12,"In Deep well pump, the prime mover is usually an ________",electric motor,hydraulic motor,both (a) and (b),none of the above,C,
aigf,13,"In Deep well pump, the motor is usually mounted on the top of the ________________",cargo tanks,drives via long transmission shaft,both (a) and (b),none of the above,C,
aigf,13,"In Deep well pump, the motor is usually mounted on the top of the cargo tanks and drives via ________",a long transmission shaft,through a double seal arrangement,the pump assembly located in the bottom of the tank,All of the above,D,
aigf,13,"In deep well pump, the cargo discharge pipeline surrounds the drive shaft and also it __________",heats up the bearings,the shaft bearings are cooled,lubricated by the liquid being pumped,both answer b and c,D,
